Handle,Title,Body (HTML),Vendor,Product Category,Type,Tags,Published,Option1 Name,Option1 Value,Option2 Name,Option2 Value,Variant SKU,Variant Grams,Variant Inventory Tracker,Variant Inventory Qty,Variant Inventory Policy,Variant Fulfillment Service,Variant Price,Variant Compare At Price,Variant Requires Shipping,Variant Taxable,SEO Title,SEO Description,Status
burgundy-organza-kimono-robe,Burgundy Organza Kimono Robe,"<p>Elevate your wardrobe with this stunning burgundy organza kimono robe. Featuring a luxurious sheer fabric with delicate floral embroidery and scalloped lace borders, this piece is perfect for layering over evening wear or as a statement coverup.</p><ul><li>Premium organza fabric with sheer finish</li><li>Intricate floral embroidery throughout</li><li>Scalloped lace trim on borders</li><li>Tie-waist closure</li><li>Full-length sleeves</li><li>Dry clean only</li></ul>",Zara Boutique,Apparel & Accessories > Clothing > Traditional & Ceremonial Clothing,Kimonos,"kimono, organza, burgundy, embroidered, ethnic wear, party wear, festive",TRUE,Size,Free Size,,,ZB-KMN-001,500,shopify,25,deny,manual,4999,5999,TRUE,TRUE,Burgundy Organza Kimono Robe | Zara Boutique,Shop this elegant burgundy organza kimono robe with intricate floral embroidery and scalloped lace borders. Perfect for festive occasions.,active
maroon-embroidered-salwar-suit,Maroon Embroidered Salwar Suit Set,"<p>Make a statement with this exquisite maroon salwar suit set. The kurta features stunning intricate embroidery on the yoke and decorative patterns throughout. Comes with matching embroidered pants and a beautiful contrast dupatta with golden border accents.</p><ul><li>3-piece set: Kurta, Pants, Dupatta</li><li>Premium quality fabric</li><li>Detailed thread embroidery on yoke</li><li>Matching embroidered pants</li><li>Contrasting dupatta with golden embroidered border</li><li>Regular fit</li><li>Machine wash cold</li></ul>",Zara Boutique,Apparel & Accessories > Clothing > Traditional & Ceremonial Clothing,Salwar Suit Sets,"salwar suit, maroon, embroidered, ethnic wear, festive wear, wedding, 3-piece set",TRUE,Size,S,,,ZB-SST-002,600,shopify,20,deny,manual,5499,6999,TRUE,TRUE,Maroon Embroidered Salwar Suit Set | Zara Boutique,Elegant 3-piece maroon salwar suit set featuring intricate embroidery and contrast dupatta with golden border accents.,active
maroon-embroidered-salwar-suit,Maroon Embroidered Salwar Suit Set,"<p>Make a statement with this exquisite maroon salwar suit set. The kurta features stunning intricate embroidery on the yoke and decorative patterns throughout. Comes with matching embroidered pants and a beautiful contrast dupatta with golden border accents.</p><ul><li>3-piece set: Kurta, Pants, Dupatta</li><li>Premium quality fabric</li><li>Detailed thread embroidery on yoke</li><li>Matching embroidered pants</li><li>Contrasting dupatta with golden embroidered border</li><li>Regular fit</li><li>Machine wash cold</li></ul>",Zara Boutique,Apparel & Accessories > Clothing > Traditional & Ceremonial Clothing,Salwar Suit Sets,"salwar suit, maroon, embroidered, ethnic wear, festive wear, wedding, 3-piece set",TRUE,Size,M,,,ZB-SST-002-M,600,shopify,20,deny,manual,5499,6999,TRUE,TRUE,,,active
maroon-embroidered-salwar-suit,Maroon Embroidered Salwar Suit Set,"<p>Make a statement with this exquisite maroon salwar suit set. The kurta features stunning intricate embroidery on the yoke and decorative patterns throughout. Comes with matching embroidered pants and a beautiful contrast dupatta with golden border accents.</p><ul><li>3-piece set: Kurta, Pants, Dupatta</li><li>Premium quality fabric</li><li>Detailed thread embroidery on yoke</li><li>Matching embroidered pants</li><li>Contrasting dupatta with golden embroidered border</li><li>Regular fit</li><li>Machine wash cold</li></ul>",Zara Boutique,Apparel & Accessories > Clothing > Traditional & Ceremonial Clothing,Salwar Suit Sets,"salwar suit, maroon, embroidered, ethnic wear, festive wear, wedding, 3-piece set",TRUE,Size,L,,,ZB-SST-002-L,600,shopify,20,deny,manual,5499,6999,TRUE,TRUE,,,active
maroon-embroidered-salwar-suit,Maroon Embroidered Salwar Suit Set,"<p>Make a statement with this exquisite maroon salwar suit set. The kurta features stunning intricate embroidery on the yoke and decorative patterns throughout. Comes with matching embroidered pants and a beautiful contrast dupatta with golden border accents.</p><ul><li>3-piece set: Kurta, Pants, Dupatta</li><li>Premium quality fabric</li><li>Detailed thread embroidery on yoke</li><li>Matching embroidered pants</li><li>Contrasting dupatta with golden embroidered border</li><li>Regular fit</li><li>Machine wash cold</li></ul>",Zara Boutique,Apparel & Accessories > Clothing > Traditional & Ceremonial Clothing,Salwar Suit Sets,"salwar suit, maroon, embroidered, ethnic wear, festive wear, wedding, 3-piece set",TRUE,Size,XL,,,ZB-SST-002-XL,600,shopify,20,deny,manual,5499,6999,TRUE,TRUE,,,active
coral-embroidered-kurta,Coral Embroidered Kurta,"<p>Add a pop of color to your collection with this beautiful coral embroidered kurta. Featuring intricate threadwork on the yoke and delicate embroidery throughout. Perfect for casual outings or semi-formal occasions.</p><ul><li>Premium cotton blend fabric</li><li>Round neckline with notch detail</li><li>Beautiful yoke embroidery</li><li>Three-quarter sleeves with border detail</li><li>Knee-length</li><li>Regular fit</li><li>Machine wash cold</li></ul>",Zara Boutique,Apparel & Accessories > Clothing > Traditional & Ceremonial Clothing,Kurtas,"kurta, coral, pink, embroidered, ethnic wear, casual wear",TRUE,Size,S,,,ZB-KRT-003,400,shopify,30,deny,manual,2999,3999,TRUE,TRUE,Coral Embroidered Kurta | Zara Boutique,Beautiful coral kurta featuring intricate threadwork embroidery on the yoke and three-quarter sleeves.,active
coral-embroidered-kurta,Coral Embroidered Kurta,"<p>Add a pop of color to your collection with this beautiful coral embroidered kurta. Featuring intricate threadwork on the yoke and delicate embroidery throughout. Perfect for casual outings or semi-formal occasions.</p><ul><li>Premium cotton blend fabric</li><li>Round neckline with notch detail</li><li>Beautiful yoke embroidery</li><li>Three-quarter sleeves with border detail</li><li>Knee-length</li><li>Regular fit</li><li>Machine wash cold</li></ul>",Zara Boutique,Apparel & Accessories > Clothing > Traditional & Ceremonial Clothing,Kurtas,"kurta, coral, pink, embroidered, ethnic wear, casual wear",TRUE,Size,M,,,ZB-KRT-003-M,400,shopify,30,deny,manual,2999,3999,TRUE,TRUE,,,active
coral-embroidered-kurta,Coral Embroidered Kurta,"<p>Add a pop of color to your collection with this beautiful coral embroidered kurta. Featuring intricate threadwork on the yoke and delicate embroidery throughout. Perfect for casual outings or semi-formal occasions.</p><ul><li>Premium cotton blend fabric</li><li>Round neckline with notch detail</li><li>Beautiful yoke embroidery</li><li>Three-quarter sleeves with border detail</li><li>Knee-length</li><li>Regular fit</li><li>Machine wash cold</li></ul>",Zara Boutique,Apparel & Accessories > Clothing > Traditional & Ceremonial Clothing,Kurtas,"kurta, coral, pink, embroidered, ethnic wear, casual wear",TRUE,Size,L,,,ZB-KRT-003-L,400,shopify,30,deny,manual,2999,3999,TRUE,TRUE,,,active
coral-peach-salwar-suit,Coral Peach Embroidered Salwar Suit,"<p>Embrace elegance with this stunning coral peach salwar suit set. The kurta features beautiful gota patti work and embroidery on the yoke. Paired with matching pants and a gorgeous organza dupatta with embroidered border.</p><ul><li>3-piece set: Kurta, Pants, Dupatta</li><li>Premium fabric with soft finish</li><li>Gota patti detailing on yoke</li><li>Three-quarter sleeves</li><li>Organza dupatta with embroidered border</li><li>Regular fit</li><li>Dry clean recommended</li></ul>",Zara Boutique,Apparel & Accessories > Clothing > Traditional & Ceremonial Clothing,Salwar Suit Sets,"salwar suit, coral, peach, gota patti, embroidered, festive wear, wedding",TRUE,Size,S,,,ZB-SST-004,550,shopify,18,deny,manual,5999,7499,TRUE,TRUE,Coral Peach Salwar Suit Set | Zara Boutique,Elegant 3-piece coral peach salwar suit featuring gota patti work and beautiful organza dupatta with embroidered border.,active
coral-peach-salwar-suit,Coral Peach Embroidered Salwar Suit,"<p>Embrace elegance with this stunning coral peach salwar suit set. The kurta features beautiful gota patti work and embroidery on the yoke. Paired with matching pants and a gorgeous organza dupatta with embroidered border.</p><ul><li>3-piece set: Kurta, Pants, Dupatta</li><li>Premium fabric with soft finish</li><li>Gota patti detailing on yoke</li><li>Three-quarter sleeves</li><li>Organza dupatta with embroidered border</li><li>Regular fit</li><li>Dry clean recommended</li></ul>",Zara Boutique,Apparel & Accessories > Clothing > Traditional & Ceremonial Clothing,Salwar Suit Sets,"salwar suit, coral, peach, gota patti, embroidered, festive wear, wedding",TRUE,Size,M,,,ZB-SST-004-M,550,shopify,18,deny,manual,5999,7499,TRUE,TRUE,,,active
coral-peach-salwar-suit,Coral Peach Embroidered Salwar Suit,"<p>Embrace elegance with this stunning coral peach salwar suit set. The kurta features beautiful gota patti work and embroidery on the yoke. Paired with matching pants and a gorgeous organza dupatta with embroidered border.</p><ul><li>3-piece set: Kurta, Pants, Dupatta</li><li>Premium fabric with soft finish</li><li>Gota patti detailing on yoke</li><li>Three-quarter sleeves</li><li>Organza dupatta with embroidered border</li><li>Regular fit</li><li>Dry clean recommended</li></ul>",Zara Boutique,Apparel & Accessories > Clothing > Traditional & Ceremonial Clothing,Salwar Suit Sets,"salwar suit, coral, peach, gota patti, embroidered, festive wear, wedding",TRUE,Size,L,,,ZB-SST-004-L,550,shopify,18,deny,manual,5999,7499,TRUE,TRUE,,,active
coral-peach-salwar-suit,Coral Peach Embroidered Salwar Suit,"<p>Embrace elegance with this stunning coral peach salwar suit set. The kurta features beautiful gota patti work and embroidery on the yoke. Paired with matching pants and a gorgeous organza dupatta with embroidered border.</p><ul><li>3-piece set: Kurta, Pants, Dupatta</li><li>Premium fabric with soft finish</li><li>Gota patti detailing on yoke</li><li>Three-quarter sleeves</li><li>Organza dupatta with embroidered border</li><li>Regular fit</li><li>Dry clean recommended</li></ul>",Zara Boutique,Apparel & Accessories > Clothing > Traditional & Ceremonial Clothing,Salwar Suit Sets,"salwar suit, coral, peach, gota patti, embroidered, festive wear, wedding",TRUE,Size,XL,,,ZB-SST-004-XL,550,shopify,18,deny,manual,5999,7499,TRUE,TRUE,,,active
rust-printed-kurta-set,Rust Floral Printed Kurta Set,"<p>Stay stylish and comfortable with this rust floral printed kurta set. Features beautiful botanical prints with a mix of paisley and floral motifs. The kurta comes with matching printed pants for a coordinated look.</p><ul><li>2-piece set: Kurta, Pants</li><li>Premium cotton fabric</li><li>All-over floral and paisley print</li><li>V-neckline with button placket</li><li>Three-quarter sleeves</li><li>Matching printed pants</li><li>Regular fit</li><li>Machine wash cold</li></ul>",Zara Boutique,Apparel & Accessories > Clothing > Traditional & Ceremonial Clothing,Kurta Sets,"kurta set, rust, orange, floral, printed, ethnic wear, casual wear",TRUE,Size,S,,,ZB-KST-005,450,shopify,25,deny,manual,3499,4499,TRUE,TRUE,Rust Floral Printed Kurta Set | Zara Boutique,Elegant rust kurta set featuring beautiful floral and paisley prints with matching printed pants.,active
rust-printed-kurta-set,Rust Floral Printed Kurta Set,"<p>Stay stylish and comfortable with this rust floral printed kurta set. Features beautiful botanical prints with a mix of paisley and floral motifs. The kurta comes with matching printed pants for a coordinated look.</p><ul><li>2-piece set: Kurta, Pants</li><li>Premium cotton fabric</li><li>All-over floral and paisley print</li><li>V-neckline with button placket</li><li>Three-quarter sleeves</li><li>Matching printed pants</li><li>Regular fit</li><li>Machine wash cold</li></ul>",Zara Boutique,Apparel & Accessories > Clothing > Traditional & Ceremonial Clothing,Kurta Sets,"kurta set, rust, orange, floral, printed, ethnic wear, casual wear",TRUE,Size,M,,,ZB-KST-005-M,450,shopify,25,deny,manual,3499,4499,TRUE,TRUE,,,active
rust-printed-kurta-set,Rust Floral Printed Kurta Set,"<p>Stay stylish and comfortable with this rust floral printed kurta set. Features beautiful botanical prints with a mix of paisley and floral motifs. The kurta comes with matching printed pants for a coordinated look.</p><ul><li>2-piece set: Kurta, Pants</li><li>Premium cotton fabric</li><li>All-over floral and paisley print</li><li>V-neckline with button placket</li><li>Three-quarter sleeves</li><li>Matching printed pants</li><li>Regular fit</li><li>Machine wash cold</li></ul>",Zara Boutique,Apparel & Accessories > Clothing > Traditional & Ceremonial Clothing,Kurta Sets,"kurta set, rust, orange, floral, printed, ethnic wear, casual wear",TRUE,Size,L,,,ZB-KST-005-L,450,shopify,25,deny,manual,3499,4499,TRUE,TRUE,,,active
rust-printed-kurta-set,Rust Floral Printed Kurta Set,"<p>Stay stylish and comfortable with this rust floral printed kurta set. Features beautiful botanical prints with a mix of paisley and floral motifs. The kurta comes with matching printed pants for a coordinated look.</p><ul><li>2-piece set: Kurta, Pants</li><li>Premium cotton fabric</li><li>All-over floral and paisley print</li><li>V-neckline with button placket</li><li>Three-quarter sleeves</li><li>Matching printed pants</li><li>Regular fit</li><li>Machine wash cold</li></ul>",Zara Boutique,Apparel & Accessories > Clothing > Traditional & Ceremonial Clothing,Kurta Sets,"kurta set, rust, orange, floral, printed, ethnic wear, casual wear",TRUE,Size,XL,,,ZB-KST-005-XL,450,shopify,25,deny,manual,3499,4499,TRUE,TRUE,,,active
navy-blue-printed-kurta-set,Navy Blue Printed Kurta Set,"<p>Classic meets contemporary with this navy blue printed kurta set. Features elegant paisley and floral motifs in a sophisticated color palette. Comes with matching printed pants for a coordinated ensemble.</p><ul><li>2-piece set: Kurta, Pants</li><li>Premium cotton fabric</li><li>All-over floral and paisley print</li><li>Button placket front</li><li>Three-quarter sleeves</li><li>Matching printed pants</li><li>Regular fit</li><li>Machine wash cold</li></ul>",Zara Boutique,Apparel & Accessories > Clothing > Traditional & Ceremonial Clothing,Kurta Sets,"kurta set, navy blue, floral, printed, ethnic wear, casual wear",TRUE,Size,S,,,ZB-KST-006,450,shopify,25,deny,manual,3499,4499,TRUE,TRUE,Navy Blue Printed Kurta Set | Zara Boutique,Sophisticated navy blue kurta set featuring elegant paisley and floral prints with matching pants.,active
navy-blue-printed-kurta-set,Navy Blue Printed Kurta Set,"<p>Classic meets contemporary with this navy blue printed kurta set. Features elegant paisley and floral motifs in a sophisticated color palette. Comes with matching printed pants for a coordinated ensemble.</p><ul><li>2-piece set: Kurta, Pants</li><li>Premium cotton fabric</li><li>All-over floral and paisley print</li><li>Button placket front</li><li>Three-quarter sleeves</li><li>Matching printed pants</li><li>Regular fit</li><li>Machine wash cold</li></ul>",Zara Boutique,Apparel & Accessories > Clothing > Traditional & Ceremonial Clothing,Kurta Sets,"kurta set, navy blue, floral, printed, ethnic wear, casual wear",TRUE,Size,M,,,ZB-KST-006-M,450,shopify,25,deny,manual,3499,4499,TRUE,TRUE,,,active
navy-blue-printed-kurta-set,Navy Blue Printed Kurta Set,"<p>Classic meets contemporary with this navy blue printed kurta set. Features elegant paisley and floral motifs in a sophisticated color palette. Comes with matching printed pants for a coordinated ensemble.</p><ul><li>2-piece set: Kurta, Pants</li><li>Premium cotton fabric</li><li>All-over floral and paisley print</li><li>Button placket front</li><li>Three-quarter sleeves</li><li>Matching printed pants</li><li>Regular fit</li><li>Machine wash cold</li></ul>",Zara Boutique,Apparel & Accessories > Clothing > Traditional & Ceremonial Clothing,Kurta Sets,"kurta set, navy blue, floral, printed, ethnic wear, casual wear",TRUE,Size,L,,,ZB-KST-006-L,450,shopify,25,deny,manual,3499,4499,TRUE,TRUE,,,active
navy-blue-printed-kurta-set,Navy Blue Printed Kurta Set,"<p>Classic meets contemporary with this navy blue printed kurta set. Features elegant paisley and floral motifs in a sophisticated color palette. Comes with matching printed pants for a coordinated ensemble.</p><ul><li>2-piece set: Kurta, Pants</li><li>Premium cotton fabric</li><li>All-over floral and paisley print</li><li>Button placket front</li><li>Three-quarter sleeves</li><li>Matching printed pants</li><li>Regular fit</li><li>Machine wash cold</li></ul>",Zara Boutique,Apparel & Accessories > Clothing > Traditional & Ceremonial Clothing,Kurta Sets,"kurta set, navy blue, floral, printed, ethnic wear, casual wear",TRUE,Size,XL,,,ZB-KST-006-XL,450,shopify,25,deny,manual,3499,4499,TRUE,TRUE,,,active
blue-ajrakh-printed-kurta-set,Blue Ajrakh Printed Kurta Set,"<p>Embrace traditional artistry with this stunning blue ajrakh printed kurta set. Features authentic ajrakh-style prints with intricate geometric and floral motifs. Comes with matching printed straight pants.</p><ul><li>2-piece set: Kurta, Pants</li><li>Premium cotton fabric</li><li>Traditional ajrakh-style block prints</li><li>V-neckline with border detailing</li><li>Three-quarter sleeves</li><li>Straight fit kurta with side slits</li><li>Matching printed straight pants</li><li>Machine wash cold</li></ul>",Zara Boutique,Apparel & Accessories > Clothing > Traditional & Ceremonial Clothing,Kurta Sets,"kurta set, blue, ajrakh, block print, ethnic wear, traditional",TRUE,Size,S,,,ZB-KST-007,500,shopify,22,deny,manual,3999,4999,TRUE,TRUE,Blue Ajrakh Printed Kurta Set | Zara Boutique,Traditional blue ajrakh printed kurta set featuring authentic block print patterns with matching pants.,active
blue-ajrakh-printed-kurta-set,Blue Ajrakh Printed Kurta Set,"<p>Embrace traditional artistry with this stunning blue ajrakh printed kurta set. Features authentic ajrakh-style prints with intricate geometric and floral motifs. Comes with matching printed straight pants.</p><ul><li>2-piece set: Kurta, Pants</li><li>Premium cotton fabric</li><li>Traditional ajrakh-style block prints</li><li>V-neckline with border detailing</li><li>Three-quarter sleeves</li><li>Straight fit kurta with side slits</li><li>Matching printed straight pants</li><li>Machine wash cold</li></ul>",Zara Boutique,Apparel & Accessories > Clothing > Traditional & Ceremonial Clothing,Kurta Sets,"kurta set, blue, ajrakh, block print, ethnic wear, traditional",TRUE,Size,M,,,ZB-KST-007-M,500,shopify,22,deny,manual,3999,4999,TRUE,TRUE,,,active
blue-ajrakh-printed-kurta-set,Blue Ajrakh Printed Kurta Set,"<p>Embrace traditional artistry with this stunning blue ajrakh printed kurta set. Features authentic ajrakh-style prints with intricate geometric and floral motifs. Comes with matching printed straight pants.</p><ul><li>2-piece set: Kurta, Pants</li><li>Premium cotton fabric</li><li>Traditional ajrakh-style block prints</li><li>V-neckline with border detailing</li><li>Three-quarter sleeves</li><li>Straight fit kurta with side slits</li><li>Matching printed straight pants</li><li>Machine wash cold</li></ul>",Zara Boutique,Apparel & Accessories > Clothing > Traditional & Ceremonial Clothing,Kurta Sets,"kurta set, blue, ajrakh, block print, ethnic wear, traditional",TRUE,Size,L,,,ZB-KST-007-L,500,shopify,22,deny,manual,3999,4999,TRUE,TRUE,,,active
blue-ajrakh-printed-kurta-set,Blue Ajrakh Printed Kurta Set,"<p>Embrace traditional artistry with this stunning blue ajrakh printed kurta set. Features authentic ajrakh-style prints with intricate geometric and floral motifs. Comes with matching printed straight pants.</p><ul><li>2-piece set: Kurta, Pants</li><li>Premium cotton fabric</li><li>Traditional ajrakh-style block prints</li><li>V-neckline with border detailing</li><li>Three-quarter sleeves</li><li>Straight fit kurta with side slits</li><li>Matching printed straight pants</li><li>Machine wash cold</li></ul>",Zara Boutique,Apparel & Accessories > Clothing > Traditional & Ceremonial Clothing,Kurta Sets,"kurta set, blue, ajrakh, block print, ethnic wear, traditional",TRUE,Size,XL,,,ZB-KST-007-XL,500,shopify,22,deny,manual,3999,4999,TRUE,TRUE,,,active
sky-blue-floral-anarkali,Sky Blue Floral Anarkali Gown,"<p>Make a stunning impression with this sky blue floral anarkali gown. Features beautiful botanical prints with red, green, and cream accents. The floor-length silhouette with gathered waist creates an elegant, flowing look.</p><ul><li>Premium cotton fabric</li><li>Notch neckline</li><li>Beautiful floral print throughout</li><li>Three-quarter sleeves with printed border</li><li>Empire waist with gathering</li><li>Floor-length with border print hem</li><li>Regular fit</li><li>Machine wash cold</li></ul>",Zara Boutique,Apparel & Accessories > Clothing > Traditional & Ceremonial Clothing,Anarkalis,"anarkali, gown, sky blue, floral, ethnic wear, festive wear",TRUE,Size,S,,,ZB-ANR-008,550,shopify,15,deny,manual,4999,6499,TRUE,TRUE,Sky Blue Floral Anarkali Gown | Zara Boutique,Stunning sky blue anarkali gown featuring beautiful floral prints and elegant floor-length silhouette.,active
sky-blue-floral-anarkali,Sky Blue Floral Anarkali Gown,"<p>Make a stunning impression with this sky blue floral anarkali gown. Features beautiful botanical prints with red, green, and cream accents. The floor-length silhouette with gathered waist creates an elegant, flowing look.</p><ul><li>Premium cotton fabric</li><li>Notch neckline</li><li>Beautiful floral print throughout</li><li>Three-quarter sleeves with printed border</li><li>Empire waist with gathering</li><li>Floor-length with border print hem</li><li>Regular fit</li><li>Machine wash cold</li></ul>",Zara Boutique,Apparel & Accessories > Clothing > Traditional & Ceremonial Clothing,Anarkalis,"anarkali, gown, sky blue, floral, ethnic wear, festive wear",TRUE,Size,M,,,ZB-ANR-008-M,550,shopify,15,deny,manual,4999,6499,TRUE,TRUE,,,active
sky-blue-floral-anarkali,Sky Blue Floral Anarkali Gown,"<p>Make a stunning impression with this sky blue floral anarkali gown. Features beautiful botanical prints with red, green, and cream accents. The floor-length silhouette with gathered waist creates an elegant, flowing look.</p><ul><li>Premium cotton fabric</li><li>Notch neckline</li><li>Beautiful floral print throughout</li><li>Three-quarter sleeves with printed border</li><li>Empire waist with gathering</li><li>Floor-length with border print hem</li><li>Regular fit</li><li>Machine wash cold</li></ul>",Zara Boutique,Apparel & Accessories > Clothing > Traditional & Ceremonial Clothing,Anarkalis,"anarkali, gown, sky blue, floral, ethnic wear, festive wear",TRUE,Size,L,,,ZB-ANR-008-L,550,shopify,15,deny,manual,4999,6499,TRUE,TRUE,,,active
sky-blue-floral-anarkali,Sky Blue Floral Anarkali Gown,"<p>Make a stunning impression with this sky blue floral anarkali gown. Features beautiful botanical prints with red, green, and cream accents. The floor-length silhouette with gathered waist creates an elegant, flowing look.</p><ul><li>Premium cotton fabric</li><li>Notch neckline</li><li>Beautiful floral print throughout</li><li>Three-quarter sleeves with printed border</li><li>Empire waist with gathering</li><li>Floor-length with border print hem</li><li>Regular fit</li><li>Machine wash cold</li></ul>",Zara Boutique,Apparel & Accessories > Clothing > Traditional & Ceremonial Clothing,Anarkalis,"anarkali, gown, sky blue, floral, ethnic wear, festive wear",TRUE,Size,XL,,,ZB-ANR-008-XL,550,shopify,15,deny,manual,4999,6499,TRUE,TRUE,,,active
pink-floral-anarkali,Pink Floral Anarkali Gown,"<p>Embrace feminine elegance with this beautiful pink floral anarkali gown. Features delicate blue and pink floral motifs with an embroidered yoke panel. The flowing silhouette and gathered waist create a regal look.</p><ul><li>Premium cotton fabric</li><li>Notch neckline</li><li>Embroidered yoke panel</li><li>Delicate floral print throughout</li><li>Three-quarter sleeves</li><li>Empire waist with gathering</li><li>Floor-length silhouette</li><li>Machine wash cold</li></ul>",Zara Boutique,Apparel & Accessories > Clothing > Traditional & Ceremonial Clothing,Anarkalis,"anarkali, gown, pink, floral, embroidered, ethnic wear, festive wear",TRUE,Size,S,,,ZB-ANR-009,550,shopify,15,deny,manual,4999,6499,TRUE,TRUE,Pink Floral Anarkali Gown | Zara Boutique,Beautiful pink anarkali gown featuring delicate floral prints and embroidered yoke panel for a regal look.,active
pink-floral-anarkali,Pink Floral Anarkali Gown,"<p>Embrace feminine elegance with this beautiful pink floral anarkali gown. Features delicate blue and pink floral motifs with an embroidered yoke panel. The flowing silhouette and gathered waist create a regal look.</p><ul><li>Premium cotton fabric</li><li>Notch neckline</li><li>Embroidered yoke panel</li><li>Delicate floral print throughout</li><li>Three-quarter sleeves</li><li>Empire waist with gathering</li><li>Floor-length silhouette</li><li>Machine wash cold</li></ul>",Zara Boutique,Apparel & Accessories > Clothing > Traditional & Ceremonial Clothing,Anarkalis,"anarkali, gown, pink, floral, embroidered, ethnic wear, festive wear",TRUE,Size,M,,,ZB-ANR-009-M,550,shopify,15,deny,manual,4999,6499,TRUE,TRUE,,,active
pink-floral-anarkali,Pink Floral Anarkali Gown,"<p>Embrace feminine elegance with this beautiful pink floral anarkali gown. Features delicate blue and pink floral motifs with an embroidered yoke panel. The flowing silhouette and gathered waist create a regal look.</p><ul><li>Premium cotton fabric</li><li>Notch neckline</li><li>Embroidered yoke panel</li><li>Delicate floral print throughout</li><li>Three-quarter sleeves</li><li>Empire waist with gathering</li><li>Floor-length silhouette</li><li>Machine wash cold</li></ul>",Zara Boutique,Apparel & Accessories > Clothing > Traditional & Ceremonial Clothing,Anarkalis,"anarkali, gown, pink, floral, embroidered, ethnic wear, festive wear",TRUE,Size,L,,,ZB-ANR-009-L,550,shopify,15,deny,manual,4999,6499,TRUE,TRUE,,,active
pink-floral-anarkali,Pink Floral Anarkali Gown,"<p>Embrace feminine elegance with this beautiful pink floral anarkali gown. Features delicate blue and pink floral motifs with an embroidered yoke panel. The flowing silhouette and gathered waist create a regal look.</p><ul><li>Premium cotton fabric</li><li>Notch neckline</li><li>Embroidered yoke panel</li><li>Delicate floral print throughout</li><li>Three-quarter sleeves</li><li>Empire waist with gathering</li><li>Floor-length silhouette</li><li>Machine wash cold</li></ul>",Zara Boutique,Apparel & Accessories > Clothing > Traditional & Ceremonial Clothing,Anarkalis,"anarkali, gown, pink, floral, embroidered, ethnic wear, festive wear",TRUE,Size,XL,,,ZB-ANR-009-XL,550,shopify,15,deny,manual,4999,6499,TRUE,TRUE,,,active
peach-floral-wrap-anarkali,Peach Floral Wrap Anarkali,"<p>This stunning peach floral wrap anarkali is a true showstopper. Features a beautiful wrap-style bodice with tassel ties and vibrant pink floral prints on a warm peach base. The flowing floor-length silhouette is perfect for special occasions.</p><ul><li>Premium cotton fabric</li><li>Wrap-style V-neckline</li><li>Decorative tassel ties</li><li>Vibrant floral print throughout</li><li>Three-quarter sleeves</li><li>Floor-length with printed border</li><li>Regular fit</li><li>Machine wash cold</li></ul>",Zara Boutique,Apparel & Accessories > Clothing > Traditional & Ceremonial Clothing,Anarkalis,"anarkali, gown, peach, floral, wrap style, ethnic wear, festive wear",TRUE,Size,S,,,ZB-ANR-010,600,shopify,12,deny,manual,5499,6999,TRUE,TRUE,Peach Floral Wrap Anarkali | Zara Boutique,Stunning peach wrap-style anarkali featuring vibrant floral prints and decorative tassel ties.,active
peach-floral-wrap-anarkali,Peach Floral Wrap Anarkali,"<p>This stunning peach floral wrap anarkali is a true showstopper. Features a beautiful wrap-style bodice with tassel ties and vibrant pink floral prints on a warm peach base. The flowing floor-length silhouette is perfect for special occasions.</p><ul><li>Premium cotton fabric</li><li>Wrap-style V-neckline</li><li>Decorative tassel ties</li><li>Vibrant floral print throughout</li><li>Three-quarter sleeves</li><li>Floor-length with printed border</li><li>Regular fit</li><li>Machine wash cold</li></ul>",Zara Boutique,Apparel & Accessories > Clothing > Traditional & Ceremonial Clothing,Anarkalis,"anarkali, gown, peach, floral, wrap style, ethnic wear, festive wear",TRUE,Size,M,,,ZB-ANR-010-M,600,shopify,12,deny,manual,5499,6999,TRUE,TRUE,,,active
peach-floral-wrap-anarkali,Peach Floral Wrap Anarkali,"<p>This stunning peach floral wrap anarkali is a true showstopper. Features a beautiful wrap-style bodice with tassel ties and vibrant pink floral prints on a warm peach base. The flowing floor-length silhouette is perfect for special occasions.</p><ul><li>Premium cotton fabric</li><li>Wrap-style V-neckline</li><li>Decorative tassel ties</li><li>Vibrant floral print throughout</li><li>Three-quarter sleeves</li><li>Floor-length with printed border</li><li>Regular fit</li><li>Machine wash cold</li></ul>",Zara Boutique,Apparel & Accessories > Clothing > Traditional & Ceremonial Clothing,Anarkalis,"anarkali, gown, peach, floral, wrap style, ethnic wear, festive wear",TRUE,Size,L,,,ZB-ANR-010-L,600,shopify,12,deny,manual,5499,6999,TRUE,TRUE,,,active
peach-floral-wrap-anarkali,Peach Floral Wrap Anarkali,"<p>This stunning peach floral wrap anarkali is a true showstopper. Features a beautiful wrap-style bodice with tassel ties and vibrant pink floral prints on a warm peach base. The flowing floor-length silhouette is perfect for special occasions.</p><ul><li>Premium cotton fabric</li><li>Wrap-style V-neckline</li><li>Decorative tassel ties</li><li>Vibrant floral print throughout</li><li>Three-quarter sleeves</li><li>Floor-length with printed border</li><li>Regular fit</li><li>Machine wash cold</li></ul>",Zara Boutique,Apparel & Accessories > Clothing > Traditional & Ceremonial Clothing,Anarkalis,"anarkali, gown, peach, floral, wrap style, ethnic wear, festive wear",TRUE,Size,XL,,,ZB-ANR-010-XL,600,shopify,12,deny,manual,5499,6999,TRUE,TRUE,,,active
white-pink-tiered-anarkali,White Pink Floral Tiered Anarkali,"<p>Classic elegance meets bohemian charm with this white and pink floral tiered anarkali. Features a beautiful gradient print design with green and coral florals, a decorative yoke panel, and a gorgeous tiered skirt with contrast border.</p><ul><li>Premium cotton fabric</li><li>Notch neckline</li><li>Printed yoke panel</li><li>Delicate floral print in pink and green</li><li>Three-quarter sleeves with border</li><li>Tiered floor-length skirt</li><li>Contrast orange border at hem</li><li>Machine wash cold</li></ul>",Zara Boutique,Apparel & Accessories > Clothing > Traditional & Ceremonial Clothing,Anarkalis,"anarkali, gown, white, pink, green, floral, tiered, ethnic wear, festive wear",TRUE,Size,S,,,ZB-ANR-011,550,shopify,15,deny,manual,4999,6499,TRUE,TRUE,White Pink Floral Tiered Anarkali | Zara Boutique,Elegant white tiered anarkali featuring pink and green floral prints with a beautiful contrast border.,active
white-pink-tiered-anarkali,White Pink Floral Tiered Anarkali,"<p>Classic elegance meets bohemian charm with this white and pink floral tiered anarkali. Features a beautiful gradient print design with green and coral florals, a decorative yoke panel, and a gorgeous tiered skirt with contrast border.</p><ul><li>Premium cotton fabric</li><li>Notch neckline</li><li>Printed yoke panel</li><li>Delicate floral print in pink and green</li><li>Three-quarter sleeves with border</li><li>Tiered floor-length skirt</li><li>Contrast orange border at hem</li><li>Machine wash cold</li></ul>",Zara Boutique,Apparel & Accessories > Clothing > Traditional & Ceremonial Clothing,Anarkalis,"anarkali, gown, white, pink, green, floral, tiered, ethnic wear, festive wear",TRUE,Size,M,,,ZB-ANR-011-M,550,shopify,15,deny,manual,4999,6499,TRUE,TRUE,,,active
white-pink-tiered-anarkali,White Pink Floral Tiered Anarkali,"<p>Classic elegance meets bohemian charm with this white and pink floral tiered anarkali. Features a beautiful gradient print design with green and coral florals, a decorative yoke panel, and a gorgeous tiered skirt with contrast border.</p><ul><li>Premium cotton fabric</li><li>Notch neckline</li><li>Printed yoke panel</li><li>Delicate floral print in pink and green</li><li>Three-quarter sleeves with border</li><li>Tiered floor-length skirt</li><li>Contrast orange border at hem</li><li>Machine wash cold</li></ul>",Zara Boutique,Apparel & Accessories > Clothing > Traditional & Ceremonial Clothing,Anarkalis,"anarkali, gown, white, pink, green, floral, tiered, ethnic wear, festive wear",TRUE,Size,L,,,ZB-ANR-011-L,550,shopify,15,deny,manual,4999,6499,TRUE,TRUE,,,active
white-pink-tiered-anarkali,White Pink Floral Tiered Anarkali,"<p>Classic elegance meets bohemian charm with this white and pink floral tiered anarkali. Features a beautiful gradient print design with green and coral florals, a decorative yoke panel, and a gorgeous tiered skirt with contrast border.</p><ul><li>Premium cotton fabric</li><li>Notch neckline</li><li>Printed yoke panel</li><li>Delicate floral print in pink and green</li><li>Three-quarter sleeves with border</li><li>Tiered floor-length skirt</li><li>Contrast orange border at hem</li><li>Machine wash cold</li></ul>",Zara Boutique,Apparel & Accessories > Clothing > Traditional & Ceremonial Clothing,Anarkalis,"anarkali, gown, white, pink, green, floral, tiered, ethnic wear, festive wear",TRUE,Size,XL,,,ZB-ANR-011-XL,550,shopify,15,deny,manual,4999,6499,TRUE,TRUE,,,active
